{
  "n_rollouts": 200,
  "base_seed": 42,
  "summary": {
    "mean_episode_length": 211.285,
    "std_episode_length": 50.90730571342388,
    "mean_agents_harmed": 9.665,
    "std_agents_harmed": 7.461419100948559,
    "mean_agents_incapacitated": 6.43,
    "incapacitation_rate": 0.0643,
    "min_episode_length": 137,
    "max_episode_length": 397
  },
  "convergence": {
    "mae_50_to_100": 0.00045200000000000004,
    "mae_100_to_200": 0.0003905
  },
  "runtime_seconds": 1159.3250524997711,
  "config_hash": "a4e62fa64d5406d9",
  "timestamp": "2025-10-19 11:58:03",
  "grid_shape": [
    100,
    100
  ]
}