{
  "n_rollouts": 100,
  "base_seed": 42,
  "summary": {
    "mean_episode_length": 903.82,
    "std_episode_length": 635.1501614579028,
    "mean_agents_harmed": 60.87,
    "std_agents_harmed": 4.489220422300513,
    "mean_agents_incapacitated": 57.65,
    "incapacitation_rate": 0.5765,
    "min_episode_length": 291,
    "max_episode_length": 2000
  },
  "convergence": {
    "mae_50_to_100": 0.00040300000000000004
  },
  "runtime_seconds": 1536.3757450580597,
  "config_hash": "3853e328a222df77",
  "timestamp": "2025-10-07 22:45:31",
  "grid_shape": [
    100,
    100
  ]
}