{
  "bounds": [
    256208.89324260465,
    9856678.62658004,
    259147.69084416248,
    9858460.85690102
  ],
  "crs": "EPSG:32737",
  "width": 200,
  "height": 200,
  "cell_size_m": 14.693988007789157,
  "buildings_count": 2860,
  "road_segments_drive": 1076,
  "road_segments_all": 3442,
  "obstacle_cells": 11307,
  "coverage_percent": 28.2675,
  "note": "Buildings and roads from OSM - Nairobi CBD (drive + all variants)",
  "grid_size": [
    200,
    200
  ],
  "row_origin": "top",
  "affine_transform": [
    14.693988007789157,
    0.0,
    256208.89324260465,
    0.0,
    -8.911151604894549,
    9858460.85690102,
    0.0,
    0.0,
    1.0
  ]
}