{
  "experiment_id": "FR1_FR2_validation_run",
  "timestamp": "2025-10-19 11:58:10",
  "config_hash": "a4e62fa64d5406d9",
  "git_commit": "57b4e3b4cf384239466b9a1b4e28ca101c38fb1f",
  "parameters": {
    "n_rollouts": 200,
    "n_bootstrap": 1000,
    "inj_intensity": 12.0,
    "k_harm": 0.0083,
    "cell_size_m": 5.0
  },
  "results_summary": {
    "mean_episode_length": 211.285,
    "std_episode_length": 50.90730571342388,
    "mean_agents_harmed": 9.665,
    "std_agents_harmed": 7.461419100948559,
    "mean_agents_incapacitated": 6.43,
    "incapacitation_rate": 0.0643,
    "min_episode_length": 137,
    "max_episode_length": 397
  },
  "calibration": {
    "mean_brier": 0.0005370475000000001,
    "median_brier": 0.0
  },
  "convergence": {
    "mae_50_to_100": 0.00045200000000000004,
    "mae_100_to_200": 0.0003905
  },
  "demo_episode": {
    "incapacitation_rate": 0.1,
    "final_step": 203,
    "gas_deployments": 40,
    "peak_harm_cells": 5,
    "max_concentration": 179.72463989257812
  }
}